system,case_id,passed,latency_ms,input_tokens,output_tokens,cost,answer
agent,01,True,52677,1811,74,0.0009425,The default value for the `mode` parameter is **`markdown`**. [2]
agent,04,False,30385,0,0,0.0,I could not find a sufficient answer within the allotted budget.
agent,07,True,21328,1847,51,0.000949,The OAuth scopes required are **public_repo** or **repo**. [2]
agent,09,True,23725,1992,84,0.0010379999999999999,The `draft` parameter defaults to **false** when creating a pull request via the GitHub REST API.【1】【5】
agent,12,True,26678,2005,89,0.001047,The API returns an HTTP **201 Created** status code when a pull request is successfully created. [2][5]
agent,03,False,44761,1092,92,0.000592,I could not find a sufficient answer within the allotted budget.
agent,06,True,20410,1541,81,0.000811,The default value of `sortParamsByRequiredFlag` in the Swagger Codegen 2.x Java client generator is **true**【1】.
agent,08,True,28296,1637,70,0.0008535,The Swagger Codegen CLI jar for version 2.x was fetched from the Maven group **io.swagger**【1】【2】
agent,10,True,43574,2556,73,0.0013145,The default value for the `packageName` option in the Python generator is **`swagger_client`**【3】.
agent,02,True,33467,1608,43,0.0008255,The Swagger Codegen CLI 3.x is fetched from the Maven group id **`io.swagger.codegen.v3`**【3】【5】
agent,05,False,46485,1174,81,0.0006275,I could not find a sufficient answer within the allotted budget.
agent,11,False,49376,1096,35,0.0005654999999999999,I could not find a sufficient answer within the allotted budget.
agent,13,True,23312,2382,76,0.0012289999999999998,I could not find a sufficient answer within the allotted budget.
agent,14,True,16683,2022,83,0.0010525,I could not find a sufficient answer within the allotted budget.
agent,15,True,38564,2936,57,0.0014965,I could not find that information in the provided documents.
workflow,01,True,12112,622,13,0.00031749999999999997,The default value for the `mode` parameter is **`markdown`**. [2]
workflow,04,True,10600,629,21,0.000325,The GitHub REST API limits Markdown content to **400 KB or less** when rendering it. [1]
workflow,07,True,11101,620,10,0.00031499999999999996,The OAuth scopes required are **public_repo** or **repo**.【1】
workflow,09,True,8738,681,22,0.0003515,The `draft` parameter defaults to **false** when creating a pull request via the GitHub REST API. [1][3]
workflow,12,True,7978,560,13,0.00028649999999999997,The API returns **201 Created** on a successful pull‑request creation.【1】【4】
workflow,03,False,37758,434,13,0.00022349999999999998,I could not find that information in the provided documents.
workflow,06,True,8262,386,20,0.000203,The default value of `sortParamsByRequiredFlag` in the Swagger Codegen 2.x Java client generator is **true**【1】【4】.
workflow,08,True,8294,480,22,0.000251,The Maven group id used for fetching the Swagger Codegen CLI jar in version 2.x was **io.swagger**【2】.
workflow,10,True,13119,432,22,0.000227,The default value for the `packageName` option in the Python generator of Swagger Codegen 2.x is **`swagger_client`**【3】.
workflow,02,True,11442,480,22,0.000251,The Maven group id used to download the Swagger Codegen CLI jar for version 3.x is **io.swagger.codegen.v3**【3】.
workflow,05,True,21832,453,20,0.0002365,The Python generator in Swagger Codegen v3 defaults to a package version string of **`1.0.0`**.【1】
workflow,11,False,44238,402,18,0.00020999999999999998,The default value of `allowUnicodeIdentifiers` in the Swagger Codegen 3.x Java generator is **true**【1】.
workflow,13,True,39289,578,13,0.00029549999999999997,I could not find that information in the provided documents.
workflow,14,True,11533,414,13,0.00021349999999999999,I could not find that information in the provided documents.
workflow,15,True,7655,549,13,0.000281,I could not find that information in the provided documents.
